{"0":"2","id":"2","1":"x","bort":"x","2":"x","voyage":"x","3":"1483258200","startCopyTime":"1483258200","4":"1490005437","uploadingCopyTime":"1490005437","5":"admin","performer":"admin","6":"Tester-U3_Su-24","bruType":"Tester-U3_Su-24","7":"1","id_fdr":"1","8":"x","departureAirport":"x","9":"x","arrivalAirport":"x","10":"{\"capitan\":\"x\",\"weightto\":\"x\",\"weightlndg\":\"x\"}","capitan":"x","weightto":"x","weightlndg":"x","flightAditionalInfo":"{\"capitan\":\"x\",\"weightto\":\"x\",\"weightlndg\":\"x\"}","11":"\/var\/www\/luch\/fileUploader\/files\/05281607 (5).INF","fileName":"\/var\/www\/luch\/fileUploader\/files\/05281607 (5).INF","12":"_58cfadbd47cc0","guid":"_58cfadbd47cc0","13":"_58cfadbd47cc0_ap","apTableName":"_58cfadbd47cc0_ap","14":"_58cfadbd47cc0_bp","bpTableName":"_58cfadbd47cc0_bp","15":"_58cfadbd47cc0_ex","exTableName":"_58cfadbd47cc0_ex","16":"1","id_user":"1","apTables":[{"pref":"1","file":"_58cfadbd47cc0_ap_1_58cfaf8aea339.csv"},{"pref":"10","file":"_58cfadbd47cc0_ap_10_58cfaf8aea339.csv"},{"pref":"2","file":"_58cfadbd47cc0_ap_2_58cfaf8aea339.csv"},{"pref":"4","file":"_58cfadbd47cc0_ap_4_58cfaf8aea339.csv"}],"bpTables":[{"pref":"1","file":"_58cfadbd47cc0_bp_1_58cfaf8aea339.csv"},{"pref":"4","file":"_58cfadbd47cc0_bp_4_58cfaf8aea339.csv"}],"exTables":"_58cfadbd47cc0_ex_58cfaf8aea339.csv"}