{"0":"3","id":"3","1":"2","bort":"2","2":"2","voyage":"2","3":"1483258200","startCopyTime":"1483258200","4":"1487776494","uploadingCopyTime":"1487776494","5":"admin","performer":"admin","6":"Tester-U3_Su-24","bruType":"Tester-U3_Su-24","7":"2","departureAirport":"2","8":"2","arrivalAirport":"2","9":"capitan:2;weightto:2;weightlndg:2;","flightAditionalInfo":"capitan:2;weightto:2;weightlndg:2;","capitan":"2","weightto":"2","weightlndg":"2","10":"\/var\/www\/luch\/fileUploader\/files\/05281607 (5).INF","fileName":"\/var\/www\/luch\/fileUploader\/files\/05281607 (5).INF","11":"_58adaaeea96d5_ap","apTableName":"_58adaaeea96d5_ap","12":"_58adaaeea96d5_bp","bpTableName":"_58adaaeea96d5_bp","13":"_58adaaeea96d5_ex","exTableName":"_58adaaeea96d5_ex","14":"1","id_user":"1","apTables":[{"pref":"1","file":"_58adaaeea96d5_ap_1_58b6a89b6090c.csv"},{"pref":"10","file":"_58adaaeea96d5_ap_10_58b6a89b6090c.csv"},{"pref":"2","file":"_58adaaeea96d5_ap_2_58b6a89b6090c.csv"},{"pref":"4","file":"_58adaaeea96d5_ap_4_58b6a89b6090c.csv"}],"bpTables":[{"pref":"1","file":"_58adaaeea96d5_bp_1_58b6a89b6090c.csv"},{"pref":"4","file":"_58adaaeea96d5_bp_4_58b6a89b6090c.csv"}],"exTables":"_58adaaeea96d5_ex_58b6a89b6090c.csv"}