{"0":"2","id":"2","1":"x","bort":"x","2":"x","voyage":"x","3":"1483258200","startCopyTime":"1483258200","4":"1487771008","uploadingCopyTime":"1487771008","5":"admin","performer":"admin","6":"Tester-U3_Su-24","bruType":"Tester-U3_Su-24","7":"x","departureAirport":"x","8":"x","arrivalAirport":"x","9":"capitan:x;weightto:x;weightlndg:x;","flightAditionalInfo":"capitan:x;weightto:x;weightlndg:x;","capitan":"x","weightto":"x","weightlndg":"x","10":"\/var\/www\/luch\/fileUploader\/files\/05281607 (5).INF","fileName":"\/var\/www\/luch\/fileUploader\/files\/05281607 (5).INF","11":"_58ad95801d5b0_ap","apTableName":"_58ad95801d5b0_ap","12":"_58ad95801d5b0_bp","bpTableName":"_58ad95801d5b0_bp","13":"_58ad95801d5b0_ex","exTableName":"_58ad95801d5b0_ex","14":"1","id_user":"1","apTables":[{"pref":"1","file":"_58ad95801d5b0_ap_1_58ada112a1c82.csv"},{"pref":"10","file":"_58ad95801d5b0_ap_10_58ada112a1c82.csv"},{"pref":"2","file":"_58ad95801d5b0_ap_2_58ada112a1c82.csv"},{"pref":"4","file":"_58ad95801d5b0_ap_4_58ada112a1c82.csv"}],"bpTables":[{"pref":"1","file":"_58ad95801d5b0_bp_1_58ada112a1c82.csv"},{"pref":"4","file":"_58ad95801d5b0_bp_4_58ada112a1c82.csv"}],"exTables":"_58ad95801d5b0_ex_58ada112a1c82.csv"}