{"0":"2","id":"2","1":"Boeing_737-500_4L-TGI","bort":"Boeing_737-500_4L-TGI","2":"1","voyage":"1","3":"1462414672","startCopyTime":"1462414672","4":"1478959932","uploadingCopyTime":"1478959932","5":"admin","performer":"admin","6":"FDR_Boeing-737-500","bruType":"FDR_Boeing-737-500","7":"UGTB","departureAirport":"UGTB","8":"LLBG","arrivalAirport":"LLBG","9":"capitan:1;","flightAditionalInfo":"capitan:1;","capitan":"1","10":"\/var\/www\/luch\/www\/fileUploader\/files\/TGI_16_05-2 (3).dat","fileName":"\/var\/www\/luch\/www\/fileUploader\/files\/TGI_16_05-2 (3).dat","11":"_5827233c0d6a4_ap","apTableName":"_5827233c0d6a4_ap","12":"_5827233c0d6a4_bp","bpTableName":"_5827233c0d6a4_bp","13":"","exTableName":"","apTables":[{"pref":"1","file":"_5827233c0d6a4_ap_1_5829e2adc3dc1.csv"},{"pref":"2","file":"_5827233c0d6a4_ap_2_5829e2adc3dc1.csv"},{"pref":"4","file":"_5827233c0d6a4_ap_4_5829e2adc3dc1.csv"},{"pref":"8","file":"_5827233c0d6a4_ap_8_5829e2adc3dc1.csv"}],"bpTables":[{"pref":"1","file":"_5827233c0d6a4_bp_1_5829e2adc3dc1.csv"},{"pref":"GPWC","file":"_5827233c0d6a4_bp_GPWC_5829e2adc3dc1.csv"}]}