{"0":"5","id":"5","1":"x","bort":"x","2":"x","voyage":"x","3":"1483258200","startCopyTime":"1483258200","4":"1487344130","uploadingCopyTime":"1487344130","5":"admin","performer":"admin","6":"Tester-U3_Su-24","bruType":"Tester-U3_Su-24","7":"x","departureAirport":"x","8":"x","arrivalAirport":"x","9":"capitan:;weightto:;weightlndg:;","flightAditionalInfo":"capitan:;weightto:;weightlndg:;","capitan":"","weightto":"","weightlndg":"","10":"\/var\/www\/luch\/fileUploader\/files\/05281607 (1).INF","fileName":"\/var\/www\/luch\/fileUploader\/files\/05281607 (1).INF","11":"_58a712029c07f_ap","apTableName":"_58a712029c07f_ap","12":"_58a712029c07f_bp","bpTableName":"_58a712029c07f_bp","13":"_58a712029c07f_ex","exTableName":"_58a712029c07f_ex","14":"1","id_user":"1","apTables":[{"pref":"1","file":"_58a712029c07f_ap_1_58a7134586601.csv"},{"pref":"10","file":"_58a712029c07f_ap_10_58a7134586601.csv"},{"pref":"2","file":"_58a712029c07f_ap_2_58a7134586601.csv"},{"pref":"4","file":"_58a712029c07f_ap_4_58a7134586601.csv"}],"bpTables":[{"pref":"1","file":"_58a712029c07f_bp_1_58a7134586601.csv"},{"pref":"4","file":"_58a712029c07f_bp_4_58a7134586601.csv"}],"exTables":"_58a712029c07f_ex_58a7134586601.csv"}